#,Name,length,height,wingspan
1,Mo BambaORL | C,10.75,"6'11.25""","7'10"""
2,Talen Horton-TuckerLAL | SF,9.75,"6'3.5""","7'1.25"""
3,Isaiah StewartDET | C,9.5,"6'7.25""","7'4.75"""
4,Robert Williams IIIBOS | C,9.5,"6'8""","7'5.5"""
5,Montrezl HarrellWAS | C,9.25,"6'7""","7'4.25"""
6,Udoka AzubuikeUTA | C,9.25,"6'10""","7'7.25"""
7,Frank NtilikinaDAL | PG,9,"6'4""","7'1"""
8,Josh OkogieMIN | SG,9,"6'3""","7'0"""
9,Kawhi LeonardLAC | SF,9,"6'6""","7'3"""
10,Tacko FallCLE | C,9,"7'5.25""","8'2.25"""
11,Donovan MitchellUTA | SG,8.75,"6'1.25""","6'10"""
12,Nassir LittlePOR | SF,8.75,"6'4.5""","7'1.25"""
13,Reggie JacksonLAC | PG,8.75,"6'2.5""","6'11.25"""
14,Andre DrummondPHI | C,8.5,"6'9.75""","7'6.25"""
15,Hassan WhitesideUTA | C,8.5,"6'10.5""","7'7"""
16,Kelly Oubre Jr.CHA | SF,8.5,"6'5.75""","7'2.25"""
17,Robert Woodard IISAC | PF,8.5,"6'5.5""","7'2"""
18,Thomas BryantWAS | C,8.5,"6'9.5""","7'6"""
19,Anthony DavisLAL | C,8.25,"6'9.25""","7'5.5"""
20,Jarrett AllenCLE | C,8.25,"6'9""","7'5.25"""
21,Jerami GrantDET | PF,8.25,"6'6.5""","7'2.75"""
22,Shake MiltonPHI | SG,8.25,"6'4.5""","7'0.75"""
23,Moses MoodyGSW | SG,8.25,"6'4.5""","7'0.75"""
24,DeMarcus CousinsMIL | C,8.25,"6'9.5""","7'5.75"""
25,Abdel NaderPHX | SF,8,"6'5""","7'1"""
26,Brandon IngramNOP | SF,8,"6'7""","7'3"""
27,Keita Bates-DiopSAS | SF,8,"6'7.25""","7'3.25"""
28,Kent BazemoreLAL | SG,8,"6'3.5""","6'11.5"""
29,OG AnunobyTOR | SF,8,"6'6.25""","7'2.25"""
30,Rudy GayUTA | PF,8,"6'7""","7'3"""
31,Rudy GobertUTA | C,8,"7'0.5""","7'8.5"""
32,Scottie LewisCHA | SG,8,"6'4""","7'0"""
33,Aaron HolidayWAS | PG,7.75,"5'11.75""","6'7.5"""
34,George HillMIL | PG,7.75,"6'1.25""","6'9"""
35,Kevin DurantBKN | SF,7.75,"6'9""","7'4.75"""
36,Norman PowellPOR | SG,7.75,"6'3""","6'10.75"""
37,P.J. WashingtonCHA | PF,7.75,"6'6.5""","7'2.25"""
38,Rajon RondoLAL | PG,7.75,"6'0.75""","6'8.5"""
39,Wendell Carter Jr.ORL | C,7.75,"6'8.75""","7'4.5"""
40,Scottie BarnesTOR | SF,7.75,"6'7""","7'2.75"""
41,Miles McBrideNYK | PG,7.75,"6'1""","6'8.75"""
42,David NwabaHOU | SG,7.5,"6'4.5""","7'0"""
43,DeAndre JordanLAL | C,7.5,"6'10.5""","7'6"""
44,Draymond GreenGSW | PF,7.5,"6'5.75""","7'1.25"""
45,Jaren Jackson Jr.MEM | C,7.5,"6'9.75""","7'5.25"""
46,Kevon LooneyGSW | C,7.5,"6'8""","7'3.5"""
47,Robert CovingtonPOR | PF,7.5,"6'6.25""","7'1.75"""
48,Taj GibsonNYK | PF,7.5,"6'8.5""","7'4"""
49,Terry RozierCHA | PG,7.5,"6'0.75""","6'8.25"""
50,Bones HylandDEN | PG,7.5,"6'2""","6'9.5"""
51,Derrick FavorsOKC | C,7.25,"6'8.75""","7'4"""
52,Eric BledsoeLAC | PG,7.25,"6'0.25""","6'7.5"""
53,Hamidou DialloDET | SG,7.25,"6'4.25""","6'11.5"""
54,Kyle AndersonMEM | SF,7.25,"6'7.5""","7'2.75"""
55,Marcus SmartBOS | SG,7.25,"6'2""","6'9.25"""
56,Mikal BridgesPHX | SF,7.25,"6'5.75""","7'1"""
57,Anfernee SimonsPOR | PG,7,"6'2.25""","6'9.25"""
58,Chris BoucherTOR | PF,7,"6'9""","7'4"""
59,De'Andre HunterATL | PF,7,"6'7""","7'2"""
60,Deandre AytonPHX | C,7,"6'11""","7'6"""
61,Dwight HowardLAL | C,7,"6'9.5""","7'4.5"""
62,E'Twaun MooreORL | SG,7,"6'2.5""","6'9.5"""
63,Eric GordonHOU | SG,7,"6'2""","6'9"""
64,JaVale McGeePHX | C,7,"6'11""","7'6"""
65,Jeremy LambIND | SG,7,"6'4""","6'11"""
66,Naji MarshallNOP | SF,7,"6'5.75""","7'0.75"""
67,P.J. TuckerMIA | PF,7,"6'4.5""","6'11.5"""
68,Pascal SiakamTOR | PF,7,"6'8.25""","7'3.25"""
69,Shai Gilgeous-AlexanderOKC | PG,7,"6'4.5""","6'11.5"""
70,Trevor ArizaLAL | SF,7,"6'7""","7'2"""
71,Isaiah JacksonIND | PF,7,"6'10""","7'5"""
72,Collin SextonCLE | PG,6.75,"6'0.5""","6'7.25"""
73,Dennis SchroderBOS | PG,6.75,"6'1""","6'7.75"""
74,Denzel ValentineCLE | SG,6.75,"6'4""","6'10.75"""
75,James HardenBKN | SG,6.75,"6'4""","6'10.75"""
76,LaMarcus AldridgeBKN | C,6.75,"6'10""","7'4.75"""
77,Lonnie Walker IVSAS | SF,6.75,"6'3.75""","6'10.5"""
78,Malcolm BrogdonIND | PG,6.75,"6'3.75""","6'10.5"""
79,Mike ConleyUTA | PG,6.75,"5'11""","6'5.75"""
80,Ayo DosunmuCHI | PG,6.75,"6'3.5""","6'10.25"""
81,JT ThorCHA | PF,6.75,"6'8.5""","7'3.25"""
82,Andre IguodalaGSW | SF,6.5,"6'4.5""","6'11"""
83,Bruno FernandoBOS | C,6.5,"6'8.75""","7'3.25"""
84,Cameron PaynePHX | PG,6.5,"6'0.75""","6'7.25"""
85,Cassius WinstonWAS | PG,6.5,"6'0.5""","6'7"""
86,Clint CapelaATL | C,6.5,"6'10""","7'4.5"""
87,D'Angelo RussellMIN | PG,6.5,"6'3.25""","6'9.75"""
88,Derrick RoseNYK | PG,6.5,"6'1.5""","6'8"""
89,Jaylen BrownBOS | SG,6.5,"6'5.25""","6'11.75"""
90,John WallHOU | PG,6.5,"6'2.75""","6'9.25"""
91,KZ OkpalaMIA | SF,6.5,"6'7.25""","7'1.75"""
92,Matisse ThybullePHI | SF,6.5,"6'5""","6'11.5"""
93,Miye OniUTA | SG,6.5,"6'4.25""","6'10.75"""
94,Naz ReidMIN | C,6.5,"6'8.75""","7'3.25"""
95,Patrick BeverleyMIN | SG,6.5,"6'0.5""","6'7"""
96,Romeo LangfordBOS | SF,6.5,"6'4.5""","6'11"""
97,Xavier TillmanMEM | PF,6.5,"6'7.5""","7'2"""
98,Bol BolDEN | C,6.25,"7'0.75""","7'7"""
99,Caleb MartinMIA | SG,6.25,"6'4""","6'10.25"""
100,De'Anthony MeltonMEM | PG,6.25,"6'2.25""","6'8.5"""
101,Immanuel QuickleyNYK | PG,6.25,"6'2""","6'8.25"""
102,JaMychal GreenDEN | PF,6.25,"6'8""","7'2.25"""
103,Jeff GreenDEN | PF,6.25,"6'7""","7'1.25"""
104,Myles TurnerIND | C,6.25,"6'9.75""","7'4"""
105,Nikola VucevicCHI | C,6.25,"6'10.25""","7'4.5"""
106,Paul MillsapBKN | PF,6.25,"6'6.75""","7'1"""
107,Rui HachimuraWAS | PF,6.25,"6'7.75""","7'2"""
108,Tony BradleyCHI | C,6.25,"6'9.75""","7'4"""
109,Cade CunninghamDET | SF,6.25,"6'6""","7'0.25"""
110,Aaron HenryPHI | SF,6.25,"6'4.5""","6'10.75"""
111,Anthony EdwardsMIN | SG,6,"6'3""","6'9"""
112,Bam AdebayoMIA | C,6,"6'8.75""","7'2.75"""
113,Boban MarjanovicDAL | C,6,"7'4""","7'10"""
114,Cam ReddishATL | SF,6,"6'6.5""","7'0.5"""
115,Chandler HutchisonPHX | SF,6,"6'7""","7'1"""
116,Christian WoodHOU | PF,6,"6'9.25""","7'3.25"""
117,Damian LillardPOR | PG,6,"6'1.75""","6'7.75"""
118,Dejounte MurraySAS | PG,6,"6'4""","6'10"""
119,Derrick Jones Jr.CHI | PF,6,"6'6""","7'0"""
120,Devonte' GrahamNOP | PG,6,"6'0.25""","6'6.25"""
121,Jonas ValanciunasNOP | C,6,"6'11""","7'5"""
122,Justin HolidayIND | SG,6,"6'5.5""","6'11.5"""
123,Larry Nance Jr.POR | C,6,"6'7.5""","7'1.5"""
124,Markelle FultzORL | SG,6,"6'3""","6'9"""
125,Nathan KnightMIN | PF,6,"6'8""","7'2"""
126,Onyeka OkongwuATL | C,6,"6'8""","7'2"""
127,Otto Porter Jr.GSW | SF,6,"6'7.5""","7'1.5"""
128,Ricky RubioCLE | PG,6,"6'3""","6'9"""
129,Robin LopezORL | C,6,"6'11.5""","7'5.5"""
130,Saben LeeDET | PG,6,"6'2""","6'8"""
131,Victor OladipoMIA | SG,6,"6'3.25""","6'9.25"""
132,Josh ChristopherHOU | SG,6,"6'3.25""","6'9.25"""
133,Usman GarubaHOU | PF,6,"6'8""","7'2"""
134,Bruce BrownBKN | SG,5.75,"6'3.25""","6'9"""
135,Eric PaschallUTA | PF,5.75,"6'6""","6'11.75"""
136,Gorgui DiengATL | C,5.75,"6'9.75""","7'3.5"""
137,Isaiah RobyOKC | PF,5.75,"6'7.25""","7'1"""
138,James JohnsonBKN | PF,5.75,"6'7""","7'0.75"""
139,Justise WinslowLAC | SF,5.75,"6'4.5""","6'10.25"""
140,Luguentz DortOKC | SG,5.75,"6'2.75""","6'8.5"""
141,Nerlens NoelNYK | C,5.75,"6'10""","7'3.75"""
142,Steven AdamsMEM | C,5.75,"6'10.75""","7'4.5"""
143,Terence DavisSAC | SG,5.75,"6'3""","6'8.75"""
144,Thaddeus YoungSAS | PF,5.75,"6'5.75""","6'11.5"""
145,Trey BurkeDAL | PG,5.75,"5'11.75""","6'5.5"""
146,Charles BasseyPHI | C,5.75,"6'9.25""","7'3"""
147,Bogdan BogdanovicATL | SG,5.5,"6'5.5""","6'11"""
148,Brook LopezMIL | C,5.5,"6'11.5""","7'5"""
149,Buddy HieldSAC | SG,5.5,"6'3.75""","6'9.25"""
150,Cody MartinCHA | SF,5.5,"6'4.75""","6'10.25"""
151,Damian JonesSAC | C,5.5,"6'10.25""","7'3.75"""
152,Elfrid PaytonPHX | PG,5.5,"6'2.5""","6'8"""
153,Frank JacksonDET | PG,5.5,"6'2""","6'7.5"""
154,Ish SmithCHA | PG,5.5,"5'11.5""","6'5"""
155,James WisemanGSW | C,5.5,"6'11.5""","7'5"""
156,Jordan McLaughlinMIN | PG,5.5,"5'11""","6'4.5"""
157,Tony SnellPOR | SG,5.5,"6'6""","6'11.5"""
158,Jason PrestonLAC | PG,5.5,"6'3""","6'8.5"""
159,Avery BradleyGSW | SG,5.25,"6'2""","6'7.25"""
160,Dorian Finney-SmithDAL | SF,5.25,"6'6.5""","6'11.75"""
161,Jaxson HayesNOP | C,5.25,"6'10.25""","7'3.5"""
162,Joel EmbiidPHI | C,5.25,"6'11.75""","7'5"""
163,Josh GreenDAL | SG,5.25,"6'4.5""","6'9.75"""
164,Nickeil Alexander-WalkerNOP | SG,5.25,"6'4.25""","6'9.5"""
165,Obi ToppinNYK | PF,5.25,"6'8.75""","7'2"""
166,Precious AchiuwaTOR | PF,5.25,"6'7.5""","7'0.75"""
167,Richaun HolmesSAC | C,5.25,"6'8.25""","7'1.5"""
168,Russell WestbrookLAL | PG,5.25,"6'2.75""","6'8"""
169,Tristan ThompsonSAC | C,5.25,"6'8""","7'1.25"""
170,Joshua PrimoSAS | SG,5.25,"6'4""","6'9.25"""
171,Joe WieskampSAS | SF,5.25,"6'5.75""","6'11"""
172,Aaron NesmithBOS | SF,5,"6'5""","6'10"""
173,Alec BurksNYK | SG,5,"6'5""","6'10"""
174,Andrew WigginsGSW | SF,5,"6'7""","7'0"""
175,Chuma OkekeORL | PF,5,"6'7""","7'0"""
176,D.J. AugustinHOU | PG,5,"5'10.5""","6'3.5"""
177,Daniel GaffordWAS | C,5,"6'9.25""","7'2.25"""
178,DeAndre' BembryBKN | SF,5,"6'4.25""","6'9.25"""
179,Devin VassellSAS | SG,5,"6'5""","6'10"""
180,Jalen SmithPHX | PF,5,"6'9.25""","7'2.25"""
181,Josh RichardsonBOS | SF,5,"6'5""","6'10"""
182,Kevin Porter Jr.HOU | SG,5,"6'4""","6'9"""
183,RJ BarrettNYK | SF,5,"6'5""","6'10"""
184,Royce O'NealeUTA | SF,5,"6'4""","6'9"""
185,Taurean PrinceMIN | SF,5,"6'6.5""","6'11.5"""
186,Thanasis AntetokounmpoMIL | SF,5,"6'6""","6'11"""
187,Troy Brown Jr.CHI | SF,5,"6'5.75""","6'10.75"""
188,Tyrese MaxeyPHI | PG,5,"6'2""","6'7"""
189,Evan MobleyCLE | PF,5,"6'11""","7'4"""
190,Brandon Boston Jr.LAC | SG,5,"6'5.75""","6'10.75"""
191,Herbert JonesNOP | PF,5,"6'7""","7'0"""
192,Al HorfordBOS | C,4.75,"6'8""","7'0.75"""
193,Bradley BealWAS | SG,4.75,"6'3.25""","6'8"""
194,Danny GreenPHI | SG,4.75,"6'5.25""","6'10"""
195,Jordan ClarksonUTA | SG,4.75,"6'3.25""","6'8"""
196,Maurice HarklessSAC | SF,4.75,"6'7.25""","7'0"""
197,Nicolas BatumLAC | SG,4.75,"6'8.25""","7'1"""
198,Pat ConnaughtonMIL | SG,4.75,"6'4""","6'8.75"""
199,Theo MaledonOKC | PG,4.75,"6'4""","6'8.75"""
200,Tyus JonesMEM | PG,4.75,"6'0.25""","6'5"""
201,Will BartonDEN | SG,4.75,"6'5""","6'9.75"""
202,Zeke NnajiDEN | PF,4.75,"6'9.25""","7'2"""
203,Zion WilliamsonNOP | PF,4.75,"6'5.75""","6'10.5"""
204,James BouknightCHA | SG,4.75,"6'3.5""","6'8.25"""
205,Jaden SpringerPHI | SG,4.75,"6'3""","6'7.75"""
206,Neemias QuetaSAC | C,4.75,"6'11.25""","7'4"""
207,Bobby PortisMIL | PF,4.5,"6'9.5""","7'2"""
208,Chimezie MetuSAC | C,4.5,"6'8""","7'0.5"""
209,De'Aaron FoxSAC | PG,4.5,"6'2""","6'6.5"""
210,Gary Trent Jr.TOR | SF,4.5,"6'4.25""","6'8.75"""
211,Isaac BongaTOR | SF,4.5,"6'7.5""","7'0"""
212,Isaiah JoePHI | SG,4.5,"6'3""","6'7.5"""
213,Ivica ZubacLAC | C,4.5,"6'11.5""","7'4"""
214,Jae CrowderPHX | SF,4.5,"6'4.75""","6'9.25"""
215,Jarred VanderbiltMIN | PF,4.5,"6'8.5""","7'1"""
216,Jordan NworaMIL | PF,4.5,"6'5.75""","6'10.25"""
217,Josh HartNOP | SG,4.5,"6'4""","6'8.5"""
218,Karl-Anthony TownsMIN | C,4.5,"6'11""","7'3.5"""
219,Keldon JohnsonSAS | SF,4.5,"6'4.75""","6'9.25"""
220,Luka DoncicDAL | SF,4.5,"6'6.5""","6'11"""
221,Nic ClaxtonBKN | C,4.5,"6'10""","7'2.5"""
222,Paul ReedPHI | PF,4.5,"6'9""","7'1.5"""
223,Semi OjeleyeMIL | PF,4.5,"6'5.25""","6'9.75"""
224,Sterling BrownDAL | SG,4.5,"6'5""","6'9.5"""
225,Tobias HarrisPHI | SF,4.5,"6'6.5""","6'11"""
226,Trey LylesDET | PF,4.5,"6'9""","7'1.5"""
227,Trey Murphy IIINOP | SF,4.5,"6'7.5""","7'0"""
228,Jalen JohnsonATL | PF,4.5,"6'7.75""","7'0.25"""
229,Dewayne DedmonMIA | C,4.5,"6'11.5""","7'4"""
230,Isaiah ToddWAS | PF,4.5,"6'8.75""","7'1.25"""
231,Aaron GordonDEN | PF,4.25,"6'7.5""","6'11.75"""
232,Ben McLemorePOR | SG,4.25,"6'3.5""","6'7.75"""
233,Caris LeVertIND | SF,4.25,"6'5.75""","6'10"""
234,Darius BazleyOKC | SF,4.25,"6'7.75""","7'0"""
235,Derrick WhiteSAS | PG,4.25,"6'3.25""","6'7.5"""
236,Gary HarrisORL | SG,4.25,"6'2.5""","6'6.75"""
237,Grayson AllenMIL | SG,4.25,"6'3""","6'7.25"""
238,Harrison BarnesSAC | PF,4.25,"6'7""","6'11.25"""
239,Jarrett CulverMEM | SG,4.25,"6'5.25""","6'9.5"""
240,Julius RandleNYK | PF,4.25,"6'7.75""","7'0"""
241,Kira Lewis Jr.NOP | PG,4.25,"6'0.75""","6'5"""
242,Kyle KuzmaWAS | PF,4.25,"6'8""","7'0.25"""
243,Miles BridgesCHA | PF,4.25,"6'5.25""","6'9.5"""
244,Davion MitchellSAC | PG,4.25,"6'0""","6'4.25"""
245,Jonathan KumingaGSW | SF,4.25,"6'7""","6'11.25"""
246,Alex LenSAC | C,4,"6'11.5""","7'3.5"""
247,Cedi OsmanCLE | SF,4,"6'7""","6'11"""
248,CJ McCollumPOR | SG,4,"6'2.25""","6'6.25"""
249,Darius GarlandCLE | PG,4,"6'1""","6'5"""
250,Giannis AntetokounmpoMIL | PF,4,"6'11""","7'3"""
251,Goran DragicTOR | PG,4,"6'3""","6'7"""
252,Grant WilliamsBOS | PF,4,"6'5.75""","6'9.75"""
253,Jabari ParkerBOS | SF,4,"6'7.75""","6'11.75"""
254,Jae'Sean TateHOU | SF,4,"6'4""","6'8"""
255,Jaylen NowellMIN | SG,4,"6'3.25""","6'7.25"""
256,Jevon CarterBKN | PG,4,"6'0.25""","6'4.25"""
257,Kemba WalkerNYK | PG,4,"5'11.5""","6'3.5"""
258,Kevin Knox IINYK | SF,4,"6'7.75""","6'11.75"""
259,Khris MiddletonMIL | SF,4,"6'6.75""","6'10.75"""
260,Mychal MulderGSW | SF,4,"6'3""","6'7"""
261,Patrick WilliamsCHI | SF,4,"6'7""","6'11"""
262,Saddiq BeyDET | SF,4,"6'7""","6'11"""
263,Serge IbakaLAC | C,4,"6'11""","7'3"""
264,Trent ForrestUTA | PG,4,"6'3.5""","6'7.5"""
265,Vernon Carey Jr.CHA | C,4,"6'9""","7'1"""
266,Quentin GrimesNYK | SG,4,"6'4""","6'8"""
267,Austin RiversDEN | SG,3.75,"6'3.5""","6'7.25"""
268,Devin BookerPHX | SG,3.75,"6'4.5""","6'8.25"""
269,Dylan WindlerCLE | SF,3.75,"6'6.25""","6'10"""
270,Enes FreedomBOS | C,3.75,"6'9.75""","7'1.5"""
271,Goga BitadzeIND | C,3.75,"6'10""","7'1.75"""
272,Jrue HolidayMIL | SG,3.75,"6'3.25""","6'7"""
273,Khem BirchTOR | C,3.75,"6'8.75""","7'0.5"""
274,LeBron JamesLAL | PF,3.75,"6'8.5""","7'0.25"""
275,Lonzo BallCHI | PG,3.75,"6'5.25""","6'9"""
276,Nick RichardsCHA | PF,3.75,"6'10.5""","7'2.25"""
277,Spencer DinwiddieWAS | PG,3.75,"6'4.5""","6'8.25"""
278,Willie Cauley-SteinDAL | C,3.75,"6'11.25""","7'3"""
279,Zach LaVineCHI | SG,3.75,"6'4.5""","6'8.25"""
280,Keon JohnsonLAC | SG,3.75,"6'3.5""","6'7.25"""
281,Kai JonesCHA | C,3.75,"6'10""","7'1.75"""
282,Aleksej PokusevskiOKC | PF,3.5,"6'11.5""","7'3"""
283,Ben SimmonsPHI | PG,3.5,"6'9""","7'0.5"""
284,Cory JosephDET | PG,3.5,"6'2""","6'5.5"""
285,DeMar DeRozanCHI | SG,3.5,"6'5.5""","6'9"""
286,Furkan KorkmazPHI | SG,3.5,"6'6.5""","6'10"""
287,Ignas BrazdeikisORL | SF,3.5,"6'5.75""","6'9.25"""
288,Isaac OkoroCLE | SF,3.5,"6'5""","6'8.5"""
289,Ja MorantMEM | PG,3.5,"6'2.5""","6'6"""
290,Jahmi'us RamseySAC | PG,3.5,"6'2.5""","6'6"""
291,Jayson TatumBOS | SF,3.5,"6'7.5""","6'11"""
292,Kentavious Caldwell-PopeWAS | SG,3.5,"6'4.5""","6'8"""
293,Kevin LoveCLE | C,3.5,"6'7.75""","6'11.25"""
294,Kristaps PorzingisDAL | PF,3.5,"7'2.5""","7'6"""
295,Malik BeasleyMIN | SG,3.5,"6'3.5""","6'7"""
296,Moses BrownDAL | C,3.5,"7'1.25""","7'4.75"""
297,Nikola JokicDEN | C,3.5,"6'11.5""","7'3"""
298,Paul GeorgeLAC | SF,3.5,"6'7.75""","6'11.25"""
299,Sekou DoumbouyaBKN | PF,3.5,"6'7.5""","6'11"""
300,Solomon HillATL | SF,3.5,"6'5.5""","6'9"""
301,Jalen GreenHOU | SG,3.5,"6'4""","6'7.5"""
302,Cam ThomasBKN | SG,3.5,"6'3""","6'6.5"""
303,Luka GarzaDET | C,3.5,"6'10""","7'1.5"""
304,Delon WrightATL | PG,3.25,"6'4.25""","6'7.5"""
305,Georges NiangPHI | PF,3.25,"6'6.75""","6'10"""
306,Jalen McDanielsCHA | PF,3.25,"6'9""","7'0.25"""
307,John KoncharMEM | SG,3.25,"6'4.75""","6'8"""
308,Jordan PooleGSW | SG,3.25,"6'3.5""","6'6.75"""
309,Killian HayesDET | PG,3.25,"6'4.75""","6'8"""
310,Klay ThompsonGSW | SG,3.25,"6'5.75""","6'9"""
311,Lamar StevensCLE | PF,3.25,"6'5.75""","6'9"""
312,R.J. HamptonORL | SG,3.25,"6'3.75""","6'7"""
313,T.J. WarrenIND | SF,3.25,"6'7""","6'10.25"""
314,Udonis HaslemMIA | C,3.25,"6'7.75""","6'11"""
315,Vlatko CancarDEN | PF,3.25,"6'7.75""","6'11"""
316,Bryn ForbesSAS | SG,3,"6'2""","6'5"""
317,Cameron JohnsonPHX | PF,3,"6'7""","6'10"""
318,Chris PaulPHX | PG,3,"6'1""","6'4"""
319,Danilo GallinariATL | PF,3,"6'10""","7'1"""
320,Doug McDermottSAS | SF,3,"6'6.25""","6'9.25"""
321,Dwight PowellDAL | C,3,"6'9.5""","7'0.5"""
322,Jalen BrunsonDAL | PG,3,"6'1""","6'4"""
323,Jamal MurrayDEN | PG,3,"6'3.5""","6'6.5"""
324,John CollinsATL | PF,3,"6'8.25""","6'11.25"""
325,Juancho HernangomezBOS | PF,3,"6'9""","7'0"""
326,Marcus Morris Sr.LAC | PF,3,"6'7""","6'10"""
327,Markieff MorrisMIA | PF,3,"6'7.75""","6'10.75"""
328,Payton PritchardBOS | PG,3,"6'1""","6'4"""
329,Reggie BullockDAL | SF,3,"6'5.75""","6'8.75"""
330,Seth CurryPHI | SG,3,"6'1""","6'4"""
331,Skylar MaysATL | SG,3,"6'3""","6'6"""
332,Terance MannLAC | SF,3,"6'4.75""","6'7.75"""
333,Tre JonesSAS | PG,3,"6'1""","6'4"""
334,Tyrese HaliburtonSAC | SG,3,"6'4.75""","6'7.75"""
335,Day'Ron SharpeBKN | C,3,"6'9""","7'0"""
336,Blake GriffinBKN | PF,2.75,"6'8.5""","6'11.25"""
337,Elijah HughesUTA | SF,2.75,"6'4.75""","6'7.5"""
338,Isaiah HartensteinLAC | C,2.75,"6'11.5""","7'2.25"""
339,Landry ShametPHX | SG,2.75,"6'4""","6'6.75"""
340,Malik MonkLAL | SG,2.75,"6'2.25""","6'5"""
341,Markus HowardDEN | SG,2.75,"5'9.5""","6'0.25"""
342,Mike MuscalaOKC | C,2.75,"6'10.25""","7'1"""
343,Monte MorrisDEN | PG,2.75,"6'1.25""","6'4"""
344,Patty MillsBKN | PG,2.75,"5'11.25""","6'2"""
345,Zach CollinsSAS | C,2.75,"6'10.25""","7'1"""
346,Cole AnthonyORL | PG,2.5,"6'2""","6'4.5"""
347,Devon DotsonCHI | PG,2.5,"6'0.5""","6'3"""
348,Donte DiVincenzoMIL | SG,2.5,"6'3.5""","6'6"""
349,Jakob PoeltlSAS | C,2.5,"7'0.25""","7'2.75"""
350,Joe InglesUTA | SF,2.5,"6'7.75""","6'10.25"""
351,Jonathan IsaacORL | PF,2.5,"6'10.5""","7'1"""
352,Josh JacksonDET | SF,2.5,"6'7.5""","6'10"""
353,Jusuf NurkicPOR | C,2.5,"6'11.5""","7'2"""
354,Max StrusMIA | SG,2.5,"6'5""","6'7.5"""
355,Michael Carter-WilliamsORL | PG,2.5,"6'4.75""","6'7.25"""
356,Tim Hardaway Jr.DAL | SG,2.5,"6'4.5""","6'7"""
357,Trae YoungATL | PG,2.5,"6'0.5""","6'3"""
358,Willy HernangomezNOP | C,2.5,"6'10.5""","7'1"""
359,Alperen SengunHOU | C,2.5,"6'10""","7'0.5"""
360,Franz WagnerORL | SF,2.5,"6'9""","6'11.5"""
361,Didi LouzadaNOP | SG,2.5,"6'5""","6'7.5"""
362,Sam HauserBOS | PF,2.5,"6'6.75""","6'9.25"""
363,Kyle LowryMIA | PG,2.25,"5'11.75""","6'2"""
364,Michael Porter Jr.DEN | PF,2.25,"6'9.75""","7'0"""
365,Wayne EllingtonLAL | SG,2.25,"6'4.25""","6'6.5"""
366,Yuta WatanabeTOR | SF,2.25,"6'7.75""","6'10"""
367,Alex CarusoCHI | PG,2,"6'4""","6'6"""
368,Danuel House Jr.HOU | SF,2,"6'6""","6'8"""
369,Drew EubanksSAS | PF,2,"6'9""","6'11"""
370,Fred VanVleetTOR | PG,2,"6'0""","6'2"""
371,Jaden McDanielsMIN | SF,2,"6'9""","6'11"""
372,Kyrie IrvingBKN | PG,2,"6'2""","6'4"""
373,LaMelo BallCHA | PG,2,"6'6""","6'8"""
374,Malachi FlynnTOR | PG,2,"6'1""","6'3"""
375,Jalen SuggsORL | PG,2,"6'3.5""","6'5.5"""
376,Sam DekkerTOR | PF,2,"6'9""","6'11"""
377,Ziaire WilliamsMEM | SF,2,"6'8.25""","6'10.25"""
378,Jeremiah Robinson-EarlOKC | SF,2,"6'7.75""","6'9.75"""
379,CJ EllebyPOR | SF,1.75,"6'5.5""","6'7.25"""
380,Jared ButlerUTA | SG,1.75,"6'2.25""","6'4"""
381,Alize JohnsonCHI | PF,1.5,"6'7.25""","6'8.75"""
382,Coby WhiteCHI | PG,1.5,"6'3.5""","6'5"""
383,Jimmy ButlerMIA | SG,1.5,"6'6""","6'7.5"""
384,Marvin Bagley IIISAC | PF,1.5,"6'10.5""","7'0"""
385,Maxi KleberDAL | PF,1.5,"6'9.25""","6'10.75"""
386,Moritz WagnerORL | C,1.5,"6'10.5""","7'0"""
387,Raul NetoWAS | PG,1.5,"6'0.5""","6'2"""
388,Stephen CurryGSW | PG,1.5,"6'2""","6'3.5"""
389,T.J. McConnellIND | PG,1.5,"6'0.5""","6'2"""
390,Leandro BolmaroMIN | SF,1.5,"6'7""","6'8.5"""
391,Jake LaymanMIN | SF,1.25,"6'8""","6'9.25"""
392,Joe HarrisBKN | SG,1.25,"6'4.75""","6'6"""
393,Kenrich WilliamsOKC | SF,1.25,"6'6""","6'7.25"""
394,Kevin HuerterATL | SG,1.25,"6'6.25""","6'7.5"""
395,Rodney HoodMIL | SG,1.25,"6'7.25""","6'8.5"""
396,Terrence RossORL | SG,1.25,"6'6""","6'7.25"""
397,Omer YurtsevenMIA | C,1.25,"6'11.5""","7'0.75"""
398,Dalano BantonTOR | SF,1.25,"6'9""","6'10.25"""
399,Brandon ClarkeMEM | PF,1,"6'7.25""","6'8.25"""
400,Dean WadeCLE | PF,1,"6'9""","6'10"""
401,Dillon BrooksMEM | SF,1,"6'5""","6'6"""
402,Domantas SabonisIND | PF,1,"6'10""","6'11"""
403,Evan FournierNYK | SF,1,"6'6.5""","6'7.5"""
404,Gordon HaywardCHA | SF,1,"6'6.75""","6'7.75"""
405,Chris DuarteIND | SG,1,"6'6""","6'7"""
406,Corey KispertWAS | SF,1,"6'6""","6'7"""
407,Luke KennardLAC | SG,0.75,"6'4.5""","6'5.25"""
408,Tomas SatoranskyNOP | SG,0.75,"6'6.5""","6'7.25"""
409,Tre MannOKC | PG,0.75,"6'3.25""","6'4"""
410,Dario SaricPHX | PF,0.5,"6'9.5""","6'10"""
411,Sharife CooperATL | PG,0.5,"6'0.5""","6'1"""
412,Santi AldamaMEM | PF,0.25,"6'10.75""","6'11"""
413,Deni AvdijaWAS | SF,-0.25,"6'8.75""","6'8.5"""
414,Mason PlumleeCHA | C,-0.25,"6'11.25""","6'11"""
415,Ty JeromeOKC | SG,-0.25,"6'4.25""","6'4"""
416,Cody ZellerPOR | C,-0.5,"6'11.5""","6'11"""
417,Josh GiddeyOKC | SF,-0.5,"6'8""","6'7.5"""
418,Desmond BaneMEM | SG,-0.75,"6'5""","6'4.25"""
419,Frank KaminskyPHX | C,-0.75,"6'11.75""","6'11"""
420,Kelly OlynykDET | C,-1,"6'10.75""","6'9.75"""
421,Kevin PangosCLE | PG,-1,"6'1""","6'0"""
422,Tyler HerroMIA | SG,-1.25,"6'4.5""","6'3.25"""
423,Svi MykhailiukTOR | SG,-1.5,"6'6.5""","6'5"""
